[
	{
		"inputs": [
			{
				"internalType": "string",
				"name": "name",
				"type": "string"
			},
			{
				"internalType": "string",
				"name": "symbol",
				"type": "string"
			}
		],
		"name": "createToken",
		"outputs": [],
		"stateMutability": "payable",
		"type": "function"
	},
	{
		"inputs": [],
		"stateMutability": "nonpayable",
		"type": "constructor"
	},
	{
		"inputs": [
			{
				"internalType": "address",
				"name": "owner",
				"type": "address"
			}
		],
		"name": "OwnableInvalidOwner",
		"type": "error"
	},
	{
		"inputs": [
			{
				"internalType": "address",
				"name": "account",
				"type": "address"
			}
		],
		"name": "OwnableUnauthorizedAccount",
		"type": "error"
	},
	{
		"anonymous": false,
		"inputs": [
			{
				"indexed": false,
				"internalType": "address",
				"name": "token",
				"type": "address"
			},
			{
				"indexed": false,
				"internalType": "uint256",
				"name": "okbAmount",
				"type": "uint256"
			},
			{
				"indexed": false,
				"internalType": "uint256",
				"name": "tokenAmount",
				"type": "uint256"
			}
		],
		"name": "DEXListed",
		"type": "event"
	},
	{
		"anonymous": false,
		"inputs": [
			{
				"indexed": false,
				"internalType": "uint256",
				"name": "amount",
				"type": "uint256"
			},
			{
				"indexed": false,
				"internalType": "address",
				"name": "collector",
				"type": "address"
			}
		],
		"name": "FeeCollected",
		"type": "event"
	},
	{
		"anonymous": false,
		"inputs": [
			{
				"indexed": true,
				"internalType": "address",
				"name": "previousOwner",
				"type": "address"
			},
			{
				"indexed": true,
				"internalType": "address",
				"name": "newOwner",
				"type": "address"
			}
		],
		"name": "OwnershipTransferred",
		"type": "event"
	},
	{
		"inputs": [],
		"name": "renounceOwnership",
		"outputs": [],
		"stateMutability": "nonpayable",
		"type": "function"
	},
	{
		"inputs": [
			{
				"internalType": "address",
				"name": "token",
				"type": "address"
			},
			{
				"internalType": "uint256",
				"name": "buySlippage",
				"type": "uint256"
			},
			{
				"internalType": "uint256",
				"name": "sellSlippage",
				"type": "uint256"
			}
		],
		"name": "setSlippage",
		"outputs": [],
		"stateMutability": "nonpayable",
		"type": "function"
	},
	{
		"anonymous": false,
		"inputs": [
			{
				"indexed": false,
				"internalType": "address",
				"name": "token",
				"type": "address"
			},
			{
				"indexed": false,
				"internalType": "string",
				"name": "name",
				"type": "string"
			},
			{
				"indexed": false,
				"internalType": "string",
				"name": "symbol",
				"type": "string"
			},
			{
				"indexed": false,
				"internalType": "address",
				"name": "creator",
				"type": "address"
			}
		],
		"name": "TokenCreated",
		"type": "event"
	},
	{
		"inputs": [
			{
				"internalType": "address",
				"name": "newOwner",
				"type": "address"
			}
		],
		"name": "transferOwnership",
		"outputs": [],
		"stateMutability": "nonpayable",
		"type": "function"
	},
	{
		"inputs": [
			{
				"internalType": "address",
				"name": "token",
				"type": "address"
			}
		],
		"name": "triggerDEXListing",
		"outputs": [],
		"stateMutability": "nonpayable",
		"type": "function"
	},
	{
		"inputs": [],
		"name": "withdrawFees",
		"outputs": [],
		"stateMutability": "nonpayable",
		"type": "function"
	},
	{
		"stateMutability": "payable",
		"type": "receive"
	},
	{
		"inputs": [],
		"name": "accumulatedFees",
		"outputs": [
			{
				"internalType": "uint256",
				"name": "",
				"type": "uint256"
			}
		],
		"stateMutability": "view",
		"type": "function"
	},
	{
		"inputs": [
			{
				"internalType": "address",
				"name": "token",
				"type": "address"
			}
		],
		"name": "getTokenInfo",
		"outputs": [
			{
				"components": [
					{
						"internalType": "string",
						"name": "name",
						"type": "string"
					},
					{
						"internalType": "string",
						"name": "symbol",
						"type": "string"
					},
					{
						"internalType": "address",
						"name": "tokenAddress",
						"type": "address"
					},
					{
						"internalType": "address",
						"name": "creator",
						"type": "address"
					},
					{
						"internalType": "uint256",
						"name": "totalSupply",
						"type": "uint256"
					},
					{
						"internalType": "bool",
						"name": "isListed",
						"type": "bool"
					},
					{
						"internalType": "uint256",
						"name": "tradingVolume",
						"type": "uint256"
					},
					{
						"internalType": "address",
						"name": "bondingCurve",
						"type": "address"
					}
				],
				"internalType": "struct IMemeCoinFactory.TokenInfo",
				"name": "",
				"type": "tuple"
			}
		],
		"stateMutability": "view",
		"type": "function"
	},
	{
		"inputs": [
			{
				"internalType": "string",
				"name": "symbol",
				"type": "string"
			}
		],
		"name": "isSymbolTaken",
		"outputs": [
			{
				"internalType": "bool",
				"name": "",
				"type": "bool"
			}
		],
		"stateMutability": "view",
		"type": "function"
	},
	{
		"inputs": [],
		"name": "owner",
		"outputs": [
			{
				"internalType": "address",
				"name": "",
				"type": "address"
			}
		],
		"stateMutability": "view",
		"type": "function"
	},
	{
		"inputs": [
			{
				"internalType": "address",
				"name": "",
				"type": "address"
			}
		],
		"name": "tokens",
		"outputs": [
			{
				"internalType": "string",
				"name": "name",
				"type": "string"
			},
			{
				"internalType": "string",
				"name": "symbol",
				"type": "string"
			},
			{
				"internalType": "address",
				"name": "tokenAddress",
				"type": "address"
			},
			{
				"internalType": "address",
				"name": "creator",
				"type": "address"
			},
			{
				"internalType": "uint256",
				"name": "totalSupply",
				"type": "uint256"
			},
			{
				"internalType": "bool",
				"name": "isListed",
				"type": "bool"
			},
			{
				"internalType": "uint256",
				"name": "tradingVolume",
				"type": "uint256"
			},
			{
				"internalType": "address",
				"name": "bondingCurve",
				"type": "address"
			}
		],
		"stateMutability": "view",
		"type": "function"
	},
	{
		"inputs": [
			{
				"internalType": "string",
				"name": "",
				"type": "string"
			}
		],
		"name": "usedSymbols",
		"outputs": [
			{
				"internalType": "bool",
				"name": "",
				"type": "bool"
			}
		],
		"stateMutability": "view",
		"type": "function"
	}
]