[
  {
      "mint": "FKiTgnVvgxWbUb7tHaXhSFv4FWj3hCZd4Aog36Bppump",
      "time": 1741439640,
      "open": 2.7957999999999998e-8,
      "high": 3.4663525553177726e-8,
      "low": 2.7957999999999998e-8,
      "close": 3.3993127227422036e-8,
      "volume": 6849190672,
      "slot": 325402258,
      "is_5_min": false,
      "is_1_min": true
  },
  {
      "mint": "FKiTgnVvgxWbUb7tHaXhSFv4FWj3hCZd4Aog36Bppump",
      "time": 1741439700,
      "open": 3.3993127227422036e-8,
      "high": 3.909762866538497e-8,
      "low": 3.3993127227422036e-8,
      "close": 3.54787933941136e-8,
      "volume": 3661447985,
      "slot": 325402381,
      "is_5_min": true,
      "is_1_min": true
  },
  {
      "mint": "FKiTgnVvgxWbUb7tHaXhSFv4FWj3hCZd4Aog36Bppump",
      "time": 1741439760,
      "open": 3.54787933941136e-8,
      "high": 3.383038211444546e-8,
      "low": 3.383038211444546e-8,
      "close": 3.383038211444546e-8,
      "volume": 158560000,
      "slot": 325402636,
      "is_5_min": false,
      "is_1_min": true
  },
  {
      "mint": "FKiTgnVvgxWbUb7tHaXhSFv4FWj3hCZd4Aog36Bppump",
      "time": 1741440240,
      "open": 3.383038211444546e-8,
      "high": 3.5272457790117485e-8,
      "low": 3.383038211444546e-8,
      "close": 3.5272457790117485e-8,
      "volume": 1392000000,
      "slot": 325403724,
      "is_5_min": false,
      "is_1_min": true
  },
  {
      "mint": "FKiTgnVvgxWbUb7tHaXhSFv4FWj3hCZd4Aog36Bppump",
      "time": 1741441200,
      "open": 3.5272457790117485e-8,
      "high": 4.150134432307411e-8,
      "low": 3.5272457790117485e-8,
      "close": 4.150134432307411e-8,
      "volume": 2854973786,
      "slot": 325406164,
      "is_5_min": true,
      "is_1_min": true
  },
  {
      "mint": "FKiTgnVvgxWbUb7tHaXhSFv4FWj3hCZd4Aog36Bppump",
      "time": 1741441260,
      "open": 4.150134432307411e-8,
      "high": 3.957581911721632e-8,
      "low": 3.957581911721632e-8,
      "close": 3.957581911721632e-8,
      "volume": 847788182,
      "slot": 325406312,
      "is_5_min": false,
      "is_1_min": true
  },
  {
      "mint": "FKiTgnVvgxWbUb7tHaXhSFv4FWj3hCZd4Aog36Bppump",
      "time": 1741441320,
      "open": 3.957581911721632e-8,
      "high": 4.223131121355455e-8,
      "low": 3.957581911721632e-8,
      "close": 4.223131121355455e-8,
      "volume": 2356037202,
      "slot": 325406519,
      "is_5_min": false,
      "is_1_min": true
  },
  {
      "mint": "FKiTgnVvgxWbUb7tHaXhSFv4FWj3hCZd4Aog36Bppump",
      "time": 1741441380,
      "open": 4.223131121355455e-8,
      "high": 5.920210885946011e-8,
      "low": 4.223131121355455e-8,
      "close": 5.59182743300857e-8,
      "volume": 7971142284,
      "slot": 325406664,
      "is_5_min": false,
      "is_1_min": true
  },
  {
      "mint": "FKiTgnVvgxWbUb7tHaXhSFv4FWj3hCZd4Aog36Bppump",
      "time": 1741441440,
      "open": 5.59182743300857e-8,
      "high": 5.747930408200393e-8,
      "low": 5.59182743300857e-8,
      "close": 5.747930408200393e-8,
      "volume": 686138610,
      "slot": 325406713,
      "is_5_min": false,
      "is_1_min": true
  },
  {
      "mint": "FKiTgnVvgxWbUb7tHaXhSFv4FWj3hCZd4Aog36Bppump",
      "time": 1741441560,
      "open": 5.747930408200393e-8,
      "high": 5.801756447832695e-8,
      "low": 5.747930408200393e-8,
      "close": 5.801756447832695e-8,
      "volume": 401868520,
      "slot": 325407006,
      "is_5_min": false,
      "is_1_min": true
  },
  {
      "mint": "FKiTgnVvgxWbUb7tHaXhSFv4FWj3hCZd4Aog36Bppump",
      "time": 1741441680,
      "open": 5.801756447832695e-8,
      "high": 5.74793040833402e-8,
      "low": 5.74793040833402e-8,
      "close": 5.74793040833402e-8,
      "volume": 401868518,
      "slot": 325407374,
      "is_5_min": false,
      "is_1_min": true
  },
  {
      "mint": "FKiTgnVvgxWbUb7tHaXhSFv4FWj3hCZd4Aog36Bppump",
      "time": 1741441740,
      "open": 5.74793040833402e-8,
      "high": 5.478763354562801e-8,
      "low": 5.478763354562801e-8,
      "close": 5.478763354562801e-8,
      "volume": 2038462194,
      "slot": 325407437,
      "is_5_min": false,
      "is_1_min": true
  },
  {
      "mint": "FKiTgnVvgxWbUb7tHaXhSFv4FWj3hCZd4Aog36Bppump",
      "time": 1741441860,
      "open": 5.478763354562801e-8,
      "high": 5.62139415640401e-8,
      "low": 5.478763354562801e-8,
      "close": 5.62139415640401e-8,
      "volume": 1086258538,
      "slot": 325407805,
      "is_5_min": false,
      "is_1_min": true
  },
  {
      "mint": "FKiTgnVvgxWbUb7tHaXhSFv4FWj3hCZd4Aog36Bppump",
      "time": 1741441980,
      "open": 5.62139415640401e-8,
      "high": 5.751870217572511e-8,
      "low": 5.62139415640401e-8,
      "close": 5.751870217572511e-8,
      "volume": 981682168,
      "slot": 325408175,
      "is_5_min": false,
      "is_1_min": true
  },
  {
      "mint": "FKiTgnVvgxWbUb7tHaXhSFv4FWj3hCZd4Aog36Bppump",
      "time": 1741442040,
      "open": 5.751870217572511e-8,
      "high": 5.97620447393858e-8,
      "low": 5.751870217572511e-8,
      "close": 5.870398133033159e-8,
      "volume": 1662178215,
      "slot": 325408182,
      "is_5_min": false,
      "is_1_min": true
  },
  {
      "mint": "FKiTgnVvgxWbUb7tHaXhSFv4FWj3hCZd4Aog36Bppump",
      "time": 1741442220,
      "open": 5.870398133033159e-8,
      "high": 5.88524742827351e-8,
      "low": 5.870398133033159e-8,
      "close": 5.88524742827351e-8,
      "volume": 109890000,
      "slot": 325408729,
      "is_5_min": false,
      "is_1_min": true
  },
  {
      "mint": "FKiTgnVvgxWbUb7tHaXhSFv4FWj3hCZd4Aog36Bppump",
      "time": 1741442280,
      "open": 5.88524742827351e-8,
      "high": 5.59885135954601e-8,
      "low": 5.59885135954601e-8,
      "close": 5.59885135954601e-8,
      "volume": 2144508880,
      "slot": 325408928,
      "is_5_min": false,
      "is_1_min": true
  },
  {
      "mint": "FKiTgnVvgxWbUb7tHaXhSFv4FWj3hCZd4Aog36Bppump",
      "time": 1741442580,
      "open": 5.59885135954601e-8,
      "high": 5.6915500472483446e-8,
      "low": 5.59885135954601e-8,
      "close": 5.6915500472483446e-8,
      "volume": 700000002,
      "slot": 325409539,
      "is_5_min": false,
      "is_1_min": true
  },
  {
      "mint": "FKiTgnVvgxWbUb7tHaXhSFv4FWj3hCZd4Aog36Bppump",
      "time": 1741442760,
      "open": 5.6915500472483446e-8,
      "high": 5.960597289322684e-8,
      "low": 5.6915500472483446e-8,
      "close": 5.960597289322684e-8,
      "volume": 2000000000,
      "slot": 325410122,
      "is_5_min": false,
      "is_1_min": true
  },
  {
      "mint": "FKiTgnVvgxWbUb7tHaXhSFv4FWj3hCZd4Aog36Bppump",
      "time": 1741443300,
      "open": 5.960597289322684e-8,
      "high": 6.014069601265032e-8,
      "low": 5.960597289322684e-8,
      "close": 6.014069601265032e-8,
      "volume": 392079206,
      "slot": 325411402,
      "is_5_min": true,
      "is_1_min": true
  },
  {
      "mint": "FKiTgnVvgxWbUb7tHaXhSFv4FWj3hCZd4Aog36Bppump",
      "time": 1741443360,
      "open": 6.014069601265032e-8,
      "high": 6.234755246457851e-8,
      "low": 6.014069601265032e-8,
      "close": 6.234755246457851e-8,
      "volume": 1600000002,
      "slot": 325411554,
      "is_5_min": false,
      "is_1_min": true
  },
  {
      "mint": "FKiTgnVvgxWbUb7tHaXhSFv4FWj3hCZd4Aog36Bppump",
      "time": 1741443420,
      "open": 6.234755246457851e-8,
      "high": 6.290798724641245e-8,
      "low": 6.234755246457851e-8,
      "close": 6.290798724641245e-8,
      "volume": 401793756,
      "slot": 325411755,
      "is_5_min": false,
      "is_1_min": true
  },
  {
      "mint": "FKiTgnVvgxWbUb7tHaXhSFv4FWj3hCZd4Aog36Bppump",
      "time": 1741443600,
      "open": 6.290798724641245e-8,
      "high": 7.156634540113134e-8,
      "low": 6.290798724641245e-8,
      "close": 7.156634540113134e-8,
      "volume": 5994000000,
      "slot": 325412130,
      "is_5_min": true,
      "is_1_min": true
  },
  {
      "mint": "FKiTgnVvgxWbUb7tHaXhSFv4FWj3hCZd4Aog36Bppump",
      "time": 1741443720,
      "open": 7.156634540113134e-8,
      "high": 6.634538448101355e-8,
      "low": 6.634538448101355e-8,
      "close": 6.634538448101355e-8,
      "volume": 3567821924,
      "slot": 325412413,
      "is_5_min": false,
      "is_1_min": true
  },
  {
      "mint": "FKiTgnVvgxWbUb7tHaXhSFv4FWj3hCZd4Aog36Bppump",
      "time": 1741444020,
      "open": 6.634538448101355e-8,
      "high": 6.776220892336085e-8,
      "low": 6.634538448101355e-8,
      "close": 6.776220892336085e-8,
      "volume": 981682168,
      "slot": 325413235,
      "is_5_min": false,
      "is_1_min": true
  },
  {
      "mint": "FKiTgnVvgxWbUb7tHaXhSFv4FWj3hCZd4Aog36Bppump",
      "time": 1741444140,
      "open": 6.776220892336085e-8,
      "high": 6.805269677949261e-8,
      "low": 6.776220892336085e-8,
      "close": 6.805269677949261e-8,
      "volume": 200000002,
      "slot": 325413544,
      "is_5_min": false,
      "is_1_min": true
  },
  {
      "mint": "FKiTgnVvgxWbUb7tHaXhSFv4FWj3hCZd4Aog36Bppump",
      "time": 1741444380,
      "open": 6.805269677949261e-8,
      "high": 6.808177973706346e-8,
      "low": 6.805269677949261e-8,
      "close": 6.808177973706346e-8,
      "volume": 20000000,
      "slot": 325414060,
      "is_5_min": false,
      "is_1_min": true
  },
  {
      "mint": "FKiTgnVvgxWbUb7tHaXhSFv4FWj3hCZd4Aog36Bppump",
      "time": 1741444560,
      "open": 6.808177973706346e-8,
      "high": 6.907429709618449e-8,
      "low": 6.808177973706346e-8,
      "close": 6.907429709618449e-8,
      "volume": 680000002,
      "slot": 325414574,
      "is_5_min": false,
      "is_1_min": true
  },
  {
      "mint": "FKiTgnVvgxWbUb7tHaXhSFv4FWj3hCZd4Aog36Bppump",
      "time": 1741444860,
      "open": 6.907429709618449e-8,
      "high": 7.114033090462823e-8,
      "low": 6.907429709618449e-8,
      "close": 7.114033090462823e-8,
      "volume": 1400000000,
      "slot": 325415256,
      "is_5_min": false,
      "is_1_min": true
  },
  {
      "mint": "FKiTgnVvgxWbUb7tHaXhSFv4FWj3hCZd4Aog36Bppump",
      "time": 1741444920,
      "open": 7.114033090462823e-8,
      "high": 7.323680895039155e-8,
      "low": 7.114033090462823e-8,
      "close": 7.323680895039155e-8,
      "volume": 1400000000,
      "slot": 325415529,
      "is_5_min": false,
      "is_1_min": true
  },
  {
      "mint": "FKiTgnVvgxWbUb7tHaXhSFv4FWj3hCZd4Aog36Bppump",
      "time": 1741444980,
      "open": 7.323680895039155e-8,
      "high": 7.500473907655528e-8,
      "low": 7.323680895039155e-8,
      "close": 7.491108661218364e-8,
      "volume": 643236226,
      "slot": 325415648,
      "is_5_min": false,
      "is_1_min": true
  },
  {
      "mint": "FKiTgnVvgxWbUb7tHaXhSFv4FWj3hCZd4Aog36Bppump",
      "time": 1741445040,
      "open": 7.491108661218364e-8,
      "high": 7.696467161853154e-8,
      "low": 7.491108661218364e-8,
      "close": 7.696467161853154e-8,
      "volume": 698534574,
      "slot": 325415781,
      "is_5_min": false,
      "is_1_min": true
  },
  {
      "mint": "FKiTgnVvgxWbUb7tHaXhSFv4FWj3hCZd4Aog36Bppump",
      "time": 1741445100,
      "open": 7.696467161853154e-8,
      "high": 7.787674813140459e-8,
      "low": 7.696467161853154e-8,
      "close": 7.787674813140459e-8,
      "volume": 588118810,
      "slot": 325415948,
      "is_5_min": true,
      "is_1_min": true
  },
  {
      "mint": "FKiTgnVvgxWbUb7tHaXhSFv4FWj3hCZd4Aog36Bppump",
      "time": 1741445160,
      "open": 7.787674813140459e-8,
      "high": 7.83930371619598e-8,
      "low": 7.787674813140459e-8,
      "close": 7.83930371619598e-8,
      "volume": 271713650,
      "slot": 325416012,
      "is_5_min": false,
      "is_1_min": true
  },
  {
      "mint": "FKiTgnVvgxWbUb7tHaXhSFv4FWj3hCZd4Aog36Bppump",
      "time": 1741445340,
      "open": 7.83930371619598e-8,
      "high": 7.242291557007625e-8,
      "low": 7.160469602299023e-8,
      "close": 7.160469602299023e-8,
      "volume": 4174920174,
      "slot": 325416516,
      "is_5_min": false,
      "is_1_min": true
  },
  {
      "mint": "FKiTgnVvgxWbUb7tHaXhSFv4FWj3hCZd4Aog36Bppump",
      "time": 1741445400,
      "open": 7.160469602299023e-8,
      "high": 7.005841726872247e-8,
      "low": 6.179686671016187e-8,
      "close": 6.179686671016187e-8,
      "volume": 3930247319,
      "slot": 325416674,
      "is_5_min": true,
      "is_1_min": true
  },
  {
      "mint": "FKiTgnVvgxWbUb7tHaXhSFv4FWj3hCZd4Aog36Bppump",
      "time": 1741445460,
      "open": 6.179686671016187e-8,
      "high": 6.297959676796482e-8,
      "low": 6.179686671016187e-8,
      "close": 6.274092503662769e-8,
      "volume": 960511707,
      "slot": 325416825,
      "is_5_min": false,
      "is_1_min": true
  },
  {
      "mint": "FKiTgnVvgxWbUb7tHaXhSFv4FWj3hCZd4Aog36Bppump",
      "time": 1741445520,
      "open": 6.274092503662769e-8,
      "high": 6.44557204227712e-8,
      "low": 6.274092503662769e-8,
      "close": 6.44557204227712e-8,
      "volume": 1210000002,
      "slot": 325416997,
      "is_5_min": false,
      "is_1_min": true
  },
  {
      "mint": "FKiTgnVvgxWbUb7tHaXhSFv4FWj3hCZd4Aog36Bppump",
      "time": 1741445580,
      "open": 6.44557204227712e-8,
      "high": 6.58785317895484e-8,
      "low": 6.44557204227712e-8,
      "close": 6.58785317895484e-8,
      "volume": 1000000000,
      "slot": 325417190,
      "is_5_min": false,
      "is_1_min": true
  },
  {
      "mint": "FKiTgnVvgxWbUb7tHaXhSFv4FWj3hCZd4Aog36Bppump",
      "time": 1741445640,
      "open": 6.58785317895484e-8,
      "high": 6.84787348434698e-8,
      "low": 6.58785317895484e-8,
      "close": 6.84787348434698e-8,
      "volume": 1000000003,
      "slot": 325417245,
      "is_5_min": false,
      "is_1_min": true
  },
  {
      "mint": "FKiTgnVvgxWbUb7tHaXhSFv4FWj3hCZd4Aog36Bppump",
      "time": 1741445700,
      "open": 6.84787348434698e-8,
      "high": 7.053383602787917e-8,
      "low": 6.84787348434698e-8,
      "close": 7.053383602787917e-8,
      "volume": 1398600000,
      "slot": 325417408,
      "is_5_min": true,
      "is_1_min": true
  },
  {
      "mint": "FKiTgnVvgxWbUb7tHaXhSFv4FWj3hCZd4Aog36Bppump",
      "time": 1741445820,
      "open": 7.053383602787917e-8,
      "high": 7.11162918281846e-8,
      "low": 7.053383602787917e-8,
      "close": 7.11162918281846e-8,
      "volume": 392672868,
      "slot": 325417684,
      "is_5_min": false,
      "is_1_min": true
  },
  {
      "mint": "FKiTgnVvgxWbUb7tHaXhSFv4FWj3hCZd4Aog36Bppump",
      "time": 1741445880,
      "open": 7.11162918281846e-8,
      "high": 6.234520655289107e-8,
      "low": 6.234520655289107e-8,
      "close": 6.234520655289107e-8,
      "volume": 2879101470,
      "slot": 325417972,
      "is_5_min": false,
      "is_1_min": true
  },
  {
      "mint": "FKiTgnVvgxWbUb7tHaXhSFv4FWj3hCZd4Aog36Bppump",
      "time": 1741445940,
      "open": 6.234520655289107e-8,
      "high": 6.033287274591916e-8,
      "low": 5.437156481154119e-8,
      "close": 5.437156481154119e-8,
      "volume": 3691626217,
      "slot": 325417995,
      "is_5_min": false,
      "is_1_min": true
  },
  {
      "mint": "FKiTgnVvgxWbUb7tHaXhSFv4FWj3hCZd4Aog36Bppump",
      "time": 1741446000,
      "open": 5.437156481154119e-8,
      "high": 5.4259524811680106e-8,
      "low": 5.4259524811680106e-8,
      "close": 5.4259524811680106e-8,
      "volume": 86252476,
      "slot": 325418249,
      "is_5_min": true,
      "is_1_min": true
  },
  {
      "mint": "FKiTgnVvgxWbUb7tHaXhSFv4FWj3hCZd4Aog36Bppump",
      "time": 1741446060,
      "open": 5.4259524811680106e-8,
      "high": 5.6092377174345805e-8,
      "low": 5.4259524811680106e-8,
      "close": 5.6092377174345805e-8,
      "volume": 1300000002,
      "slot": 325418288,
      "is_5_min": false,
      "is_1_min": true
  },
  {
      "mint": "FKiTgnVvgxWbUb7tHaXhSFv4FWj3hCZd4Aog36Bppump",
      "time": 1741446180,
      "open": 5.6092377174345805e-8,
      "high": 5.822219241610325e-8,
      "low": 5.6092377174345805e-8,
      "close": 5.822219241610325e-8,
      "volume": 899100000,
      "slot": 325418633,
      "is_5_min": false,
      "is_1_min": true
  },
  {
      "mint": "FKiTgnVvgxWbUb7tHaXhSFv4FWj3hCZd4Aog36Bppump",
      "time": 1741446240,
      "open": 5.822219241610325e-8,
      "high": 6.009291820993235e-8,
      "low": 5.822219241610325e-8,
      "close": 6.009291820993235e-8,
      "volume": 1380000002,
      "slot": 325418764,
      "is_5_min": false,
      "is_1_min": true
  },
  {
      "mint": "FKiTgnVvgxWbUb7tHaXhSFv4FWj3hCZd4Aog36Bppump",
      "time": 1741446420,
      "open": 6.009291820993235e-8,
      "high": 6.030953358676855e-8,
      "low": 6.009291820993235e-8,
      "close": 6.030953358676855e-8,
      "volume": 158397120,
      "slot": 325419313,
      "is_5_min": false,
      "is_1_min": true
  },
  {
      "mint": "FKiTgnVvgxWbUb7tHaXhSFv4FWj3hCZd4Aog36Bppump",
      "time": 1741446480,
      "open": 6.030953358676855e-8,
      "high": 6.065940240564558e-8,
      "low": 6.030953358676855e-8,
      "close": 6.065940240564558e-8,
      "volume": 255237364,
      "slot": 325419368,
      "is_5_min": false,
      "is_1_min": true
  },
  {
      "mint": "FKiTgnVvgxWbUb7tHaXhSFv4FWj3hCZd4Aog36Bppump",
      "time": 1741446540,
      "open": 6.065940240564558e-8,
      "high": 6.1505193218454e-8,
      "low": 6.065940240564558e-8,
      "close": 6.1505193218454e-8,
      "volume": 604000000,
      "slot": 325419558,
      "is_5_min": false,
      "is_1_min": true
  },
  {
      "mint": "FKiTgnVvgxWbUb7tHaXhSFv4FWj3hCZd4Aog36Bppump",
      "time": 1741447080,
      "open": 6.1505193218454e-8,
      "high": 6.175401550555093e-8,
      "low": 6.1505193218454e-8,
      "close": 6.175401550555093e-8,
      "volume": 199800000,
      "slot": 325421007,
      "is_5_min": false,
      "is_1_min": true
  },
  {
      "mint": "FKiTgnVvgxWbUb7tHaXhSFv4FWj3hCZd4Aog36Bppump",
      "time": 1741447500,
      "open": 6.175401550555093e-8,
      "high": 6.367226469396951e-8,
      "low": 6.175401550555093e-8,
      "close": 6.367226469396951e-8,
      "volume": 1374355034,
      "slot": 325422040,
      "is_5_min": true,
      "is_1_min": true
  },
  {
      "mint": "FKiTgnVvgxWbUb7tHaXhSFv4FWj3hCZd4Aog36Bppump",
      "time": 1741447560,
      "open": 6.367226469396951e-8,
      "high": 6.507223113324784e-8,
      "low": 6.367226469396951e-8,
      "close": 6.507223113324784e-8,
      "volume": 990000002,
      "slot": 325422098,
      "is_5_min": false,
      "is_1_min": true
  },
  {
      "mint": "FKiTgnVvgxWbUb7tHaXhSFv4FWj3hCZd4Aog36Bppump",
      "time": 1741447680,
      "open": 6.507223113324784e-8,
      "high": 6.04508508438777e-8,
      "low": 6.04508508438777e-8,
      "close": 6.04508508438777e-8,
      "volume": 1802884706,
      "slot": 325422409,
      "is_5_min": false,
      "is_1_min": true
  },
  {
      "mint": "FKiTgnVvgxWbUb7tHaXhSFv4FWj3hCZd4Aog36Bppump",
      "time": 1741447860,
      "open": 6.04508508438777e-8,
      "high": 6.323884271068074e-8,
      "low": 6.04508508438777e-8,
      "close": 6.323884271068074e-8,
      "volume": 1985966040,
      "slot": 325422870,
      "is_5_min": false,
      "is_1_min": true
  },
  {
      "mint": "FKiTgnVvgxWbUb7tHaXhSFv4FWj3hCZd4Aog36Bppump",
      "time": 1741447920,
      "open": 6.323884271068074e-8,
      "high": 6.34296071967056e-8,
      "low": 6.323884271068074e-8,
      "close": 6.34296071967056e-8,
      "volume": 136000000,
      "slot": 325423091,
      "is_5_min": false,
      "is_1_min": true
  },
  {
      "mint": "FKiTgnVvgxWbUb7tHaXhSFv4FWj3hCZd4Aog36Bppump",
      "time": 1741448040,
      "open": 6.34296071967056e-8,
      "high": 6.629741279412959e-8,
      "low": 6.34296071967056e-8,
      "close": 6.629741279412959e-8,
      "volume": 1990396038,
      "slot": 325423329,
      "is_5_min": false,
      "is_1_min": true
  },
  {
      "mint": "FKiTgnVvgxWbUb7tHaXhSFv4FWj3hCZd4Aog36Bppump",
      "time": 1741448220,
      "open": 6.629741279412959e-8,
      "high": 6.664228860880727e-8,
      "low": 6.629741279412959e-8,
      "close": 6.664228860880727e-8,
      "volume": 240000000,
      "slot": 325423761,
      "is_5_min": false,
      "is_1_min": true
  },
  {
      "mint": "FKiTgnVvgxWbUb7tHaXhSFv4FWj3hCZd4Aog36Bppump",
      "time": 1741448400,
      "open": 6.664228860880727e-8,
      "high": 6.767596513799224e-8,
      "low": 6.664228860880727e-8,
      "close": 6.767596513799224e-8,
      "volume": 715642030,
      "slot": 325424236,
      "is_5_min": true,
      "is_1_min": true
  },
  {
      "mint": "FKiTgnVvgxWbUb7tHaXhSFv4FWj3hCZd4Aog36Bppump",
      "time": 1741448520,
      "open": 6.767596513799224e-8,
      "high": 6.770532583200417e-8,
      "low": 6.579538171140984e-8,
      "close": 6.770532583200417e-8,
      "volume": 1969311516,
      "slot": 325424526,
      "is_5_min": false,
      "is_1_min": true
  },
  {
      "mint": "FKiTgnVvgxWbUb7tHaXhSFv4FWj3hCZd4Aog36Bppump",
      "time": 1741448700,
      "open": 6.770532583200417e-8,
      "high": 6.756272611684708e-8,
      "low": 6.749496675939798e-8,
      "close": 6.756272611684708e-8,
      "volume": 168551705,
      "slot": 325424951,
      "is_5_min": true,
      "is_1_min": true
  },
  {
      "mint": "FKiTgnVvgxWbUb7tHaXhSFv4FWj3hCZd4Aog36Bppump",
      "time": 1741448820,
      "open": 6.756272611684708e-8,
      "high": 6.564949910035942e-8,
      "low": 6.564949910035942e-8,
      "close": 6.564949910035942e-8,
      "volume": 1330090368,
      "slot": 325425359,
      "is_5_min": false,
      "is_1_min": true
  },
  {
      "mint": "FKiTgnVvgxWbUb7tHaXhSFv4FWj3hCZd4Aog36Bppump",
      "time": 1741449120,
      "open": 6.564949910035942e-8,
      "high": 6.615441317666042e-8,
      "low": 6.564949910035942e-8,
      "close": 6.615441317666042e-8,
      "volume": 352882086,
      "slot": 325426141,
      "is_5_min": false,
      "is_1_min": true
  },
  {
      "mint": "FKiTgnVvgxWbUb7tHaXhSFv4FWj3hCZd4Aog36Bppump",
      "time": 1741449240,
      "open": 6.615441317666042e-8,
      "high": 6.622216967136044e-8,
      "low": 6.615441317666042e-8,
      "close": 6.622216967136044e-8,
      "volume": 47252072,
      "slot": 325426434,
      "is_5_min": false,
      "is_1_min": true
  },
  {
      "mint": "FKiTgnVvgxWbUb7tHaXhSFv4FWj3hCZd4Aog36Bppump",
      "time": 1741449360,
      "open": 6.622216967136044e-8,
      "high": 6.906382099097123e-8,
      "low": 6.622216967136044e-8,
      "close": 6.906382099097123e-8,
      "volume": 1960396038,
      "slot": 325426710,
      "is_5_min": false,
      "is_1_min": true
  },
  {
      "mint": "FKiTgnVvgxWbUb7tHaXhSFv4FWj3hCZd4Aog36Bppump",
      "time": 1741449660,
      "open": 6.906382099097123e-8,
      "high": 6.935170502454421e-8,
      "low": 6.906382099097123e-8,
      "close": 6.935170502454421e-8,
      "volume": 196336434,
      "slot": 325427425,
      "is_5_min": false,
      "is_1_min": true
  },
  {
      "mint": "FKiTgnVvgxWbUb7tHaXhSFv4FWj3hCZd4Aog36Bppump",
      "time": 1741449900,
      "open": 6.935170502454421e-8,
      "high": 6.973567146461255e-8,
      "low": 6.935170502454421e-8,
      "close": 6.973567146461255e-8,
      "volume": 261231360,
      "slot": 325427985,
      "is_5_min": true,
      "is_1_min": true
  },
  {
      "mint": "FKiTgnVvgxWbUb7tHaXhSFv4FWj3hCZd4Aog36Bppump",
      "time": 1741450200,
      "open": 6.973567146461255e-8,
      "high": 6.997113226100754e-8,
      "low": 6.973567146461255e-8,
      "close": 6.997113226100754e-8,
      "volume": 159840000,
      "slot": 325428809,
      "is_5_min": true,
      "is_1_min": true
  },
  {
      "mint": "FKiTgnVvgxWbUb7tHaXhSFv4FWj3hCZd4Aog36Bppump",
      "time": 1741450380,
      "open": 6.997113226100754e-8,
      "high": 7.295088672898718e-8,
      "low": 6.997113226100754e-8,
      "close": 7.295088672898718e-8,
      "volume": 2000000000,
      "slot": 325429199,
      "is_5_min": false,
      "is_1_min": true
  },
  {
      "mint": "FKiTgnVvgxWbUb7tHaXhSFv4FWj3hCZd4Aog36Bppump",
      "time": 1741450620,
      "open": 7.295088672898718e-8,
      "high": 7.236636537581446e-8,
      "low": 7.236636537581446e-8,
      "close": 7.236636537581446e-8,
      "volume": 389061410,
      "slot": 325429771,
      "is_5_min": false,
      "is_1_min": true
  },
  {
      "mint": "FKiTgnVvgxWbUb7tHaXhSFv4FWj3hCZd4Aog36Bppump",
      "time": 1741450920,
      "open": 7.236636537581446e-8,
      "high": 7.272005287949735e-8,
      "low": 7.236636537581446e-8,
      "close": 7.272005287949735e-8,
      "volume": 235603722,
      "slot": 325430605,
      "is_5_min": false,
      "is_1_min": true
  },
  {
      "mint": "FKiTgnVvgxWbUb7tHaXhSFv4FWj3hCZd4Aog36Bppump",
      "time": 1741451160,
      "open": 7.272005287949735e-8,
      "high": 7.317165977117794e-8,
      "low": 7.272005287949735e-8,
      "close": 7.300881613535523e-8,
      "volume": 354034567,
      "slot": 325431137,
      "is_5_min": false,
      "is_1_min": true
  },
  {
      "mint": "FKiTgnVvgxWbUb7tHaXhSFv4FWj3hCZd4Aog36Bppump",
      "time": 1741451760,
      "open": 7.300881613535523e-8,
      "high": 7.543831025302784e-8,
      "low": 7.300881613535523e-8,
      "close": 7.543831025302784e-8,
      "volume": 1600000002,
      "slot": 325432712,
      "is_5_min": false,
      "is_1_min": true
  },
  {
      "mint": "FKiTgnVvgxWbUb7tHaXhSFv4FWj3hCZd4Aog36Bppump",
      "time": 1741452120,
      "open": 7.543831025302784e-8,
      "high": 7.666009944625932e-8,
      "low": 7.543831025302784e-8,
      "close": 7.666009944625932e-8,
      "volume": 784158414,
      "slot": 325433552,
      "is_5_min": false,
      "is_1_min": true
  },
  {
      "mint": "FKiTgnVvgxWbUb7tHaXhSFv4FWj3hCZd4Aog36Bppump",
      "time": 1741452240,
      "open": 7.666009944625932e-8,
      "high": 7.633560522752737e-8,
      "low": 7.633560522752737e-8,
      "close": 7.633560522752737e-8,
      "volume": 205038338,
      "slot": 325433871,
      "is_5_min": false,
      "is_1_min": true
  },
  {
      "mint": "FKiTgnVvgxWbUb7tHaXhSFv4FWj3hCZd4Aog36Bppump",
      "time": 1741452480,
      "open": 7.633560522752737e-8,
      "high": 7.726236361209628e-8,
      "low": 7.633560522752737e-8,
      "close": 7.726236361209628e-8,
      "volume": 600000000,
      "slot": 325434525,
      "is_5_min": false,
      "is_1_min": true
  },
  {
      "mint": "FKiTgnVvgxWbUb7tHaXhSFv4FWj3hCZd4Aog36Bppump",
      "time": 1741452600,
      "open": 7.726236361209628e-8,
      "high": 7.788330908996809e-8,
      "low": 7.726236361209628e-8,
      "close": 7.788330908996809e-8,
      "volume": 400000000,
      "slot": 325434890,
      "is_5_min": true,
      "is_1_min": true
  },
  {
      "mint": "FKiTgnVvgxWbUb7tHaXhSFv4FWj3hCZd4Aog36Bppump",
      "time": 1741452780,
      "open": 7.788330908996809e-8,
      "high": 8.14793483567392e-8,
      "low": 7.788330908996809e-8,
      "close": 8.14793483567392e-8,
      "volume": 1338929206,
      "slot": 325435256,
      "is_5_min": false,
      "is_1_min": true
  },
  {
      "mint": "FKiTgnVvgxWbUb7tHaXhSFv4FWj3hCZd4Aog36Bppump",
      "time": 1741452840,
      "open": 8.14793483567392e-8,
      "high": 7.958136226573818e-8,
      "low": 7.958136226573818e-8,
      "close": 7.958136226573818e-8,
      "volume": 1199999998,
      "slot": 325435469,
      "is_5_min": false,
      "is_1_min": true
  },
  {
      "mint": "FKiTgnVvgxWbUb7tHaXhSFv4FWj3hCZd4Aog36Bppump",
      "time": 1741452960,
      "open": 7.958136226573818e-8,
      "high": 7.989614000375412e-8,
      "low": 7.958136226573818e-8,
      "close": 7.989614000375412e-8,
      "volume": 200000000,
      "slot": 325435775,
      "is_5_min": false,
      "is_1_min": true
  },
  {
      "mint": "FKiTgnVvgxWbUb7tHaXhSFv4FWj3hCZd4Aog36Bppump",
      "time": 1741453080,
      "open": 7.989614000375412e-8,
      "high": 8.314171936355872e-8,
      "low": 7.989614000375412e-8,
      "close": 8.314171936355872e-8,
      "volume": 2019800000,
      "slot": 325436067,
      "is_5_min": false,
      "is_1_min": true
  },
  {
      "mint": "FKiTgnVvgxWbUb7tHaXhSFv4FWj3hCZd4Aog36Bppump",
      "time": 1741453140,
      "open": 8.314171936355872e-8,
      "high": 8.323720984941628e-8,
      "low": 8.314171936355872e-8,
      "close": 8.323720984941628e-8,
      "volume": 59400000,
      "slot": 325436161,
      "is_5_min": false,
      "is_1_min": true
  },
  {
      "mint": "FKiTgnVvgxWbUb7tHaXhSFv4FWj3hCZd4Aog36Bppump",
      "time": 1741453200,
      "open": 8.323720984941628e-8,
      "high": 8.355274887636397e-8,
      "low": 8.323720984941628e-8,
      "close": 8.355274887636397e-8,
      "volume": 196039602,
      "slot": 325436367,
      "is_5_min": true,
      "is_1_min": true
  },
  {
      "mint": "FKiTgnVvgxWbUb7tHaXhSFv4FWj3hCZd4Aog36Bppump",
      "time": 1741453320,
      "open": 8.355274887636397e-8,
      "high": 8.606205704659978e-8,
      "low": 8.355274887636397e-8,
      "close": 8.606205704659978e-8,
      "volume": 853000002,
      "slot": 325436572,
      "is_5_min": false,
      "is_1_min": true
  },
  {
      "mint": "FKiTgnVvgxWbUb7tHaXhSFv4FWj3hCZd4Aog36Bppump",
      "time": 1741453380,
      "open": 8.606205704659978e-8,
      "high": 8.652487856445077e-8,
      "low": 8.606205704659978e-8,
      "close": 8.652487856445077e-8,
      "volume": 184653937,
      "slot": 325436746,
      "is_5_min": false,
      "is_1_min": true
  },
  {
      "mint": "FKiTgnVvgxWbUb7tHaXhSFv4FWj3hCZd4Aog36Bppump",
      "time": 1741453440,
      "open": 8.652487856445077e-8,
      "high": 8.63825012298882e-8,
      "low": 8.63825012298882e-8,
      "close": 8.63825012298882e-8,
      "volume": 86877960,
      "slot": 325436940,
      "is_5_min": false,
      "is_1_min": true
  },
  {
      "mint": "FKiTgnVvgxWbUb7tHaXhSFv4FWj3hCZd4Aog36Bppump",
      "time": 1741453560,
      "open": 8.63825012298882e-8,
      "high": 8.495769149849934e-8,
      "low": 8.425594079523031e-8,
      "close": 8.495769149849934e-8,
      "volume": 1536465647,
      "slot": 325437179,
      "is_5_min": false,
      "is_1_min": true
  },
  {
      "mint": "FKiTgnVvgxWbUb7tHaXhSFv4FWj3hCZd4Aog36Bppump",
      "time": 1741453620,
      "open": 8.495769149849934e-8,
      "high": 8.499018618713211e-8,
      "low": 8.441352600628007e-8,
      "close": 8.441352604676427e-8,
      "volume": 647747982,
      "slot": 325437360,
      "is_5_min": false,
      "is_1_min": true
  },
  {
      "mint": "FKiTgnVvgxWbUb7tHaXhSFv4FWj3hCZd4Aog36Bppump",
      "time": 1741453680,
      "open": 8.441352604676427e-8,
      "high": 8.444591658138745e-8,
      "low": 8.41016009238618e-8,
      "close": 8.41016009238618e-8,
      "volume": 916399963,
      "slot": 325437488,
      "is_5_min": false,
      "is_1_min": true
  },
  {
      "mint": "FKiTgnVvgxWbUb7tHaXhSFv4FWj3hCZd4Aog36Bppump",
      "time": 1741453740,
      "open": 8.41016009238618e-8,
      "high": 8.973575252765656e-8,
      "low": 8.41016009238618e-8,
      "close": 8.973575252765656e-8,
      "volume": 1403819509,
      "slot": 325437664,
      "is_5_min": false,
      "is_1_min": true
  },
  {
      "mint": "FKiTgnVvgxWbUb7tHaXhSFv4FWj3hCZd4Aog36Bppump",
      "time": 1741453800,
      "open": 8.973575252765656e-8,
      "high": 9.236226766154457e-8,
      "low": 8.973575252765656e-8,
      "close": 9.232793359598552e-8,
      "volume": 1137842815,
      "slot": 325437791,
      "is_5_min": true,
      "is_1_min": true
  },
  {
      "mint": "FKiTgnVvgxWbUb7tHaXhSFv4FWj3hCZd4Aog36Bppump",
      "time": 1741453860,
      "open": 9.232793359598552e-8,
      "high": 9.236205577633124e-8,
      "low": 7.428252793430805e-8,
      "close": 7.443861536703431e-8,
      "volume": 5766139422,
      "slot": 325437942,
      "is_5_min": false,
      "is_1_min": true
  },
  {
      "mint": "FKiTgnVvgxWbUb7tHaXhSFv4FWj3hCZd4Aog36Bppump",
      "time": 1741453920,
      "open": 7.443861536703431e-8,
      "high": 7.4469096059597e-8,
      "low": 6.41125499579658e-8,
      "close": 6.561226636875147e-8,
      "volume": 4287102086,
      "slot": 325438092,
      "is_5_min": false,
      "is_1_min": true
  },
  {
      "mint": "FKiTgnVvgxWbUb7tHaXhSFv4FWj3hCZd4Aog36Bppump",
      "time": 1741453980,
      "open": 6.561226636875147e-8,
      "high": 6.869474133432582e-8,
      "low": 6.420810980540823e-8,
      "close": 6.708587253488643e-8,
      "volume": 3527901484,
      "slot": 325438231,
      "is_5_min": false,
      "is_1_min": true
  },
  {
      "mint": "FKiTgnVvgxWbUb7tHaXhSFv4FWj3hCZd4Aog36Bppump",
      "time": 1741454040,
      "open": 6.708587253488643e-8,
      "high": 6.711474818623714e-8,
      "low": 5.519177349238657e-8,
      "close": 5.519177349238657e-8,
      "volume": 4370350550,
      "slot": 325438389,
      "is_5_min": false,
      "is_1_min": true
  },
  {
      "mint": "FKiTgnVvgxWbUb7tHaXhSFv4FWj3hCZd4Aog36Bppump",
      "time": 1741454100,
      "open": 5.519177349238657e-8,
      "high": 5.403879031769228e-8,
      "low": 4.921309769337057e-8,
      "close": 4.9751455942936416e-8,
      "volume": 3129218303,
      "slot": 325438549,
      "is_5_min": true,
      "is_1_min": true
  },
  {
      "mint": "FKiTgnVvgxWbUb7tHaXhSFv4FWj3hCZd4Aog36Bppump",
      "time": 1741454160,
      "open": 4.9751455942936416e-8,
      "high": 5.2332318016202765e-8,
      "low": 4.9751455942936416e-8,
      "close": 5.2306777174779635e-8,
      "volume": 1474932603,
      "slot": 325438691,
      "is_5_min": false,
      "is_1_min": true
  },
  {
      "mint": "FKiTgnVvgxWbUb7tHaXhSFv4FWj3hCZd4Aog36Bppump",
      "time": 1741454220,
      "open": 5.2306777174779635e-8,
      "high": 5.452073690881184e-8,
      "low": 5.2306777174779635e-8,
      "close": 5.449368801405094e-8,
      "volume": 1483134165,
      "slot": 325438839,
      "is_5_min": false,
      "is_1_min": true
  },
  {
      "mint": "FKiTgnVvgxWbUb7tHaXhSFv4FWj3hCZd4Aog36Bppump",
      "time": 1741454280,
      "open": 5.449368801405094e-8,
      "high": 5.451971326375879e-8,
      "low": 4.739277930495871e-8,
      "close": 4.7414265233144176e-8,
      "volume": 3324063181,
      "slot": 325438980,
      "is_5_min": false,
      "is_1_min": true
  },
  {
      "mint": "FKiTgnVvgxWbUb7tHaXhSFv4FWj3hCZd4Aog36Bppump",
      "time": 1741454340,
      "open": 4.7414265233144176e-8,
      "high": 4.743855238070324e-8,
      "low": 4.4911977730232326e-8,
      "close": 4.6100936396240845e-8,
      "volume": 2074879098,
      "slot": 325439113,
      "is_5_min": false,
      "is_1_min": true
  },
  {
      "mint": "FKiTgnVvgxWbUb7tHaXhSFv4FWj3hCZd4Aog36Bppump",
      "time": 1741454400,
      "open": 4.6100936396240845e-8,
      "high": 4.694220794524322e-8,
      "low": 4.6100936396240845e-8,
      "close": 4.694220794524322e-8,
      "volume": 449800002,
      "slot": 325439278,
      "is_5_min": true,
      "is_1_min": true
  },
  {
      "mint": "FKiTgnVvgxWbUb7tHaXhSFv4FWj3hCZd4Aog36Bppump",
      "time": 1741454460,
      "open": 4.694220794524322e-8,
      "high": 4.669811906324538e-8,
      "low": 4.65931412205203e-8,
      "close": 4.65931412205203e-8,
      "volume": 245995196,
      "slot": 325439435,
      "is_5_min": false,
      "is_1_min": true
  },
  {
      "mint": "FKiTgnVvgxWbUb7tHaXhSFv4FWj3hCZd4Aog36Bppump",
      "time": 1741454580,
      "open": 4.65931412205203e-8,
      "high": 4.538521556907837e-8,
      "low": 4.307390691211569e-8,
      "close": 4.307390691211569e-8,
      "volume": 1996589315,
      "slot": 325439783,
      "is_5_min": false,
      "is_1_min": true
  },
  {
      "mint": "FKiTgnVvgxWbUb7tHaXhSFv4FWj3hCZd4Aog36Bppump",
      "time": 1741454640,
      "open": 4.307390691211569e-8,
      "high": 4.213839294305636e-8,
      "low": 3.871508153148881e-8,
      "close": 3.8930698988231125e-8,
      "volume": 2439044422,
      "slot": 325439882,
      "is_5_min": false,
      "is_1_min": true
  },
  {
      "mint": "FKiTgnVvgxWbUb7tHaXhSFv4FWj3hCZd4Aog36Bppump",
      "time": 1741454700,
      "open": 3.8930698988231125e-8,
      "high": 3.7261166067480096e-8,
      "low": 3.709843421805119e-8,
      "close": 3.709843421805119e-8,
      "volume": 1610475659,
      "slot": 325440088,
      "is_5_min": true,
      "is_1_min": true
  },
  {
      "mint": "FKiTgnVvgxWbUb7tHaXhSFv4FWj3hCZd4Aog36Bppump",
      "time": 1741454760,
      "open": 3.709843421805119e-8,
      "high": 3.605368938709056e-8,
      "low": 3.597156604694012e-8,
      "close": 3.597156604694012e-8,
      "volume": 1018950464,
      "slot": 325440217,
      "is_5_min": false,
      "is_1_min": true
  },
  {
      "mint": "FKiTgnVvgxWbUb7tHaXhSFv4FWj3hCZd4Aog36Bppump",
      "time": 1741454820,
      "open": 3.597156604694012e-8,
      "high": 3.5076022637585446e-8,
      "low": 3.3000157277515924e-8,
      "close": 3.3000157277515924e-8,
      "volume": 1861983013,
      "slot": 325440417,
      "is_5_min": false,
      "is_1_min": true
  },
  {
      "mint": "FKiTgnVvgxWbUb7tHaXhSFv4FWj3hCZd4Aog36Bppump",
      "time": 1741454880,
      "open": 3.3000157277515924e-8,
      "high": 3.2246964943360716e-8,
      "low": 3.2186639522999735e-8,
      "close": 3.2186639522999735e-8,
      "volume": 778333332,
      "slot": 325440503,
      "is_5_min": false,
      "is_1_min": true
  },
  {
      "mint": "FKiTgnVvgxWbUb7tHaXhSFv4FWj3hCZd4Aog36Bppump",
      "time": 1741454940,
      "open": 3.2186639522999735e-8,
      "high": 3.209552727718346e-8,
      "low": 3.1932190207096385e-8,
      "close": 3.1932190207096385e-8,
      "volume": 173074541,
      "slot": 325440641,
      "is_5_min": false,
      "is_1_min": true
  },
  {
      "mint": "FKiTgnVvgxWbUb7tHaXhSFv4FWj3hCZd4Aog36Bppump",
      "time": 1741455180,
      "open": 3.1932190207096385e-8,
      "high": 3.179856149793045e-8,
      "low": 3.179856149793045e-8,
      "close": 3.179856149793045e-8,
      "volume": 115020548,
      "slot": 325441304,
      "is_5_min": false,
      "is_1_min": true
  },
  {
      "mint": "FKiTgnVvgxWbUb7tHaXhSFv4FWj3hCZd4Aog36Bppump",
      "time": 1741455720,
      "open": 3.179856149793045e-8,
      "high": 3.232761935189667e-8,
      "low": 3.179856149793045e-8,
      "close": 3.232761935189667e-8,
      "volume": 530108372,
      "slot": 325442644,
      "is_5_min": false,
      "is_1_min": true
  },
  {
      "mint": "FKiTgnVvgxWbUb7tHaXhSFv4FWj3hCZd4Aog36Bppump",
      "time": 1741456260,
      "open": 3.232761935189667e-8,
      "high": 3.136944648922881e-8,
      "low": 3.136944648922881e-8,
      "close": 3.136944648922881e-8,
      "volume": 963322994,
      "slot": 325444031,
      "is_5_min": false,
      "is_1_min": true
  },
  {
      "mint": "FKiTgnVvgxWbUb7tHaXhSFv4FWj3hCZd4Aog36Bppump",
      "time": 1741458000,
      "open": 3.136944648922881e-8,
      "high": 3.1249281314798674e-8,
      "low": 3.1249281314798674e-8,
      "close": 3.1249281314798674e-8,
      "volume": 111243030,
      "slot": 325448452,
      "is_5_min": true,
      "is_1_min": true
  },
  {
      "mint": "FKiTgnVvgxWbUb7tHaXhSFv4FWj3hCZd4Aog36Bppump",
      "time": 1741458540,
      "open": 3.1249281314798674e-8,
      "high": 3.07463686856344e-8,
      "low": 3.07463686856344e-8,
      "close": 3.07463686856344e-8,
      "volume": 512496606,
      "slot": 325449791,
      "is_5_min": false,
      "is_1_min": true
  },
  {
      "mint": "FKiTgnVvgxWbUb7tHaXhSFv4FWj3hCZd4Aog36Bppump",
      "time": 1741459860,
      "open": 3.07463686856344e-8,
      "high": 3.0816048343554934e-8,
      "low": 3.07463686856344e-8,
      "close": 3.0816048343554934e-8,
      "volume": 71256378,
      "slot": 325453041,
      "is_5_min": false,
      "is_1_min": true
  },
  {
      "mint": "FKiTgnVvgxWbUb7tHaXhSFv4FWj3hCZd4Aog36Bppump",
      "time": 1741460460,
      "open": 3.0816048343554934e-8,
      "high": 3.054658814530287e-8,
      "low": 3.054658814530287e-8,
      "close": 3.054658814530287e-8,
      "volume": 269208220,
      "slot": 325454588,
      "is_5_min": false,
      "is_1_min": true
  },
  {
      "mint": "FKiTgnVvgxWbUb7tHaXhSFv4FWj3hCZd4Aog36Bppump",
      "time": 1741461960,
      "open": 3.054658814530287e-8,
      "high": 3.0401220119141874e-8,
      "low": 3.0401220119141874e-8,
      "close": 3.0401220119141874e-8,
      "volume": 169009136,
      "slot": 325458327,
      "is_5_min": false,
      "is_1_min": true
  },
  {
      "mint": "FKiTgnVvgxWbUb7tHaXhSFv4FWj3hCZd4Aog36Bppump",
      "time": 1741462980,
      "open": 3.0401220119141874e-8,
      "high": 3.0324407965196937e-8,
      "low": 3.0324407965196937e-8,
      "close": 3.0324407965196937e-8,
      "volume": 79089624,
      "slot": 325460883,
      "is_5_min": false,
      "is_1_min": true
  },
  {
      "mint": "FKiTgnVvgxWbUb7tHaXhSFv4FWj3hCZd4Aog36Bppump",
      "time": 1741464660,
      "open": 3.0324407965196937e-8,
      "high": 3.013355691630744e-8,
      "low": 3.013355691630744e-8,
      "close": 3.013355691630744e-8,
      "volume": 196944482,
      "slot": 325465099,
      "is_5_min": false,
      "is_1_min": true
  },
  {
      "mint": "FKiTgnVvgxWbUb7tHaXhSFv4FWj3hCZd4Aog36Bppump",
      "time": 1741465980,
      "open": 3.013355691630744e-8,
      "high": 3.006676755263405e-8,
      "low": 3.006676755263405e-8,
      "close": 3.006676755263405e-8,
      "volume": 69069044,
      "slot": 325468365,
      "is_5_min": false,
      "is_1_min": true
  },
  {
      "mint": "FKiTgnVvgxWbUb7tHaXhSFv4FWj3hCZd4Aog36Bppump",
      "time": 1741471020,
      "open": 3.006676755263405e-8,
      "high": 3.004449987996051e-8,
      "low": 3.004449987996051e-8,
      "close": 3.004449987996051e-8,
      "volume": 23044770,
      "slot": 325481180,
      "is_5_min": false,
      "is_1_min": true
  },
  {
      "mint": "FKiTgnVvgxWbUb7tHaXhSFv4FWj3hCZd4Aog36Bppump",
      "time": 1741488720,
      "open": 3.004449987996051e-8,
      "high": 3.0016536151170646e-8,
      "low": 3.0016536151170646e-8,
      "close": 3.0016536151170646e-8,
      "volume": 26831032,
      "slot": 325525681,
      "is_5_min": false,
      "is_1_min": true
  }
]